blockNumber,timeStamp,hash,nonce,blockHash,transactionIndex,from,to,value,gas,gasPrice,isError,txreceipt_status,input,contractAddress,cumulativeGasUsed,gasUsed,confirmations,methodId,functionName
22139293,1743091055,0xfee4a654fa4fc2ba084f1b4a080f8f1c54fdfa62d9c21cc54600d82677df7b20,6011,0xc180e9597d9e10d1714994caa5ad03931bdf3452b8bae7da1d78654ae6d1f154,208,0xc44b7316936e2f004e688fd53a95e060df1811c3,0x00000000219ab540356cbb839cbe05303d7705fa,32000000000000000000,81467,1070286506,0,1,0x22895118000000000000000000000000000000000000000000000000000000000000008000000000000000000000000000000000000000000000000000000000000000e0000000000000000000000000000000000000000000000000000000000000012028dff3d82071ef7c4074d69fe6f7ceda522a11f5320baf1468cd4d9e095904cf0000000000000000000000000000000000000000000000000000000000000030a00355ecb1bbc3b9b970f4f42d775e11c181c50ad3e2ce2f78e7f387c549fa1f6ff607cad002d06a16ed3696b2bb95e30000000000000000000000000000000000000000000000000000000000000000000000000000000000000000000000200100000000000000000000002b78035514401ed1592eb691b8673a93edf97470000000000000000000000000000000000000000000000000000000000000006082f0fcd479d357676f55ec6f1e89d0808f18c673de1e05c6d304761122dc339a05c6fd6a8a2e83f9ffaed7f6ea5ca21e0da472848db1f096719cf95b74d6ac9d9955085d42ea1f75c2258b25844006ba4ff9e73f07621be4b03225a3021d60d8,,10227364,50526,117,0x22895118,"deposit(bytes pubkey, bytes withdrawal_credentials, bytes signature, bytes32 deposit_data_root)"
22139089,1743088607,0x9f749931514e7c928e9eb2a96c5253cfebe4f5b277444559cb4b17e5d2d6b4cc,18841,0xc78e33b092e60afd89afcdeed6a27640764ca24bcbea913be51f2c1ffe086b7b,28,0x44894aeee56c2dd589c1d5c8cb04b87576967f97,0x00000000219ab540356cbb839cbe05303d7705fa,32000000000000000000,250000,2875292694,0,1,0x22895118000000000000000000000000000000000000000000000000000000000000008000000000000000000000000000000000000000000000000000000000000000e00000000000000000000000000000000000000000000000000000000000000120192759e2eee27633a1966f166d9756d56ef20a126c1db20c406baf3380927b1000000000000000000000000000000000000000000000000000000000000000309420c4afc8979dd642e86e27d4cd5196068fb0958d2b255d2648199d46cbb7f1388e429df493d698f559a0a8d584a9720000000000000000000000000000000000000000000000000000000000000000000000000000000000000000000000200100000000000000000000007e2a2fa2a064f693f0a55c5639476d913ff12d05000000000000000000000000000000000000000000000000000000000000006095717e16c3198f7e6ae656fba1798bec005225e8a871cae4b7adf96339f6e9f225cde22cc41b6958a1ecdbcd80537d061566f5875ba8ed9a6f09e61edb5f3e3cd37b4153eaf379bc267ae294292cc14c9071a4daeb531a8a2f2b9cc361bcaf97,,1860915,56466,321,0x22895118,"deposit(bytes pubkey, bytes withdrawal_credentials, bytes signature, bytes32 deposit_data_root)"
22139088,1743088595,0x455ab888c0779c9e70a98d6166cbbc375e1d64016e1ee62d18fb47ffb80ba0d5,18840,0xa1c5ccf9dd9c5accc74200335fda4893af12ef2651a938d5533043b56b1e39de,27,0x44894aeee56c2dd589c1d5c8cb04b87576967f97,0x00000000219ab540356cbb839cbe05303d7705fa,32000000000000000000,250000,2937484779,0,1,0x22895118000000000000000000000000000000000000000000000000000000000000008000000000000000000000000000000000000000000000000000000000000000e00000000000000000000000000000000000000000000000000000000000000120bd64c82e98424f46aa1e658ac4ef2022f7ff93c6e31a481a823e747b1aa8679a0000000000000000000000000000000000000000000000000000000000000030858a362efc470924e4fc34f38aed01753ce7d0aff67695c0540de0548121b49ba185d825164bd20d8d57e1cb67d97fa60000000000000000000000000000000000000000000000000000000000000000000000000000000000000000000000200100000000000000000000007e2a2fa2a064f693f0a55c5639476d913ff12d0500000000000000000000000000000000000000000000000000000000000000608ce904eefd94d810026cc5291e5c583879fdfce5373d6f635fe10c69000ad27db6e8db831ef434e67771e68e8ea7207b0838dc818fb8fa5e6b139dc576195664be4ed61f6dd0c936c1f665ab88920d233fc84f447cee1b392a2e86ee4e83eff0,,3057543,50514,322,0x22895118,"deposit(bytes pubkey, bytes withdrawal_credentials, bytes signature, bytes32 deposit_data_root)"
22139086,1743088571,0xf96960b6c331c2f1c2eb4254e39241a8a1b035bf44abc33e0eb6c0736fd5a5b8,18839,0x3e48e8ec9f840d507b13a60eed32b630e63267386bcb7de91cec5ea787615cbd,85,0x44894aeee56c2dd589c1d5c8cb04b87576967f97,0x00000000219ab540356cbb839cbe05303d7705fa,32000000000000000000,250000,2817071727,0,1,0x22895118000000000000000000000000000000000000000000000000000000000000008000000000000000000000000000000000000000000000000000000000000000e000000000000000000000000000000000000000000000000000000000000001203e607ab9ada3766f1829389f47f13dc90d76c146bcc2e84266e6e5dbb62461f70000000000000000000000000000000000000000000000000000000000000030a8b54cd38faec6aee17a57c6cab13ce0224507cf6cdd4fa53f2bf0e318eb723dc5c49e006bd142355fa22cd623b49c5f0000000000000000000000000000000000000000000000000000000000000000000000000000000000000000000000200100000000000000000000007e2a2fa2a064f693f0a55c5639476d913ff12d050000000000000000000000000000000000000000000000000000000000000060921bc96260fd2f31e6ced9a43f0c9177b7348b27397fe9dd1b9253010733fe616a00ba436afeb69e2004bb85628f1e390ac71733ab422c122f2377a03176d37fda6e5c0b03146b170cb51e3c501993438fe2296731c67aa50a4607412e6b0b14,,12528520,53478,324,0x22895118,"deposit(bytes pubkey, bytes withdrawal_credentials, bytes signature, bytes32 deposit_data_root)"
22139084,1743088547,0x2a618e7372f36f368ce51eeee58a640e8e69ea23a91861718e67aeadd96eb1c5,18838,0xba862ec190b93c9a44e7bc741a898aaa5e009d1eb47197670a637845edd0423e,60,0x44894aeee56c2dd589c1d5c8cb04b87576967f97,0x00000000219ab540356cbb839cbe05303d7705fa,32000000000000000000,250000,2727562862,0,1,0x22895118000000000000000000000000000000000000000000000000000000000000008000000000000000000000000000000000000000000000000000000000000000e0000000000000000000000000000000000000000000000000000000000000012014810217260f1528012e5fb6ccb23c33ceebcab3f7c7df1639a909bda86290bf00000000000000000000000000000000000000000000000000000000000000308019c80173589db91c0435d63bc1f226bae9350c7f9095254cea4dcc56f1a0be8d79999330220e19c5afe826c8e8505a0000000000000000000000000000000000000000000000000000000000000000000000000000000000000000000000200100000000000000000000007e2a2fa2a064f693f0a55c5639476d913ff12d050000000000000000000000000000000000000000000000000000000000000060940e03a8cd0dbb19885a1728a53e9de47db906629240f82e3629c0e37dc72cc3b9367718e501654afef765977d034c4813a5456958bbdeeea2e5449367e14d1363e1f39f500ca7095899a83eb89d830184dc59559fc146edc2da2c68a7fa7014,,10484681,50526,326,0x22895118,"deposit(bytes pubkey, bytes withdrawal_credentials, bytes signature, bytes32 deposit_data_root)"
22138976,1743087227,0xf910fe7c11a8fd370b51a87a79d332bd8266a9c585f12e6654c8447838e4ec68,29,0x2bb0b7d3183c365073c92167b8aa86ca04fa9fcdac6313ac5fbe0c3f4cd1b10b,101,0xf9b3ef0b33ebfb4160d70c1b7a1d213a6847baf7,0x00000000219ab540356cbb839cbe05303d7705fa,32000000000000000000,59727,1618355237,0,1,0x22895118000000000000000000000000000000000000000000000000000000000000008000000000000000000000000000000000000000000000000000000000000000e00000000000000000000000000000000000000000000000000000000000000120170d5a1dc08d2ccdbbd2aff7a223d554d266fc5793855d03113efee83f9cb542000000000000000000000000000000000000000000000000000000000000003092aeab5579214d25e4af33f344cb4172c54f6ad7489f3494a1ebcecb4b4a0e3fa43fae64145c023364dea2edf80a09ae000000000000000000000000000000000000000000000000000000000000000000000000000000000000000000000020010000000000000000000000f9b3ef0b33ebfb4160d70c1b7a1d213a6847baf700000000000000000000000000000000000000000000000000000000000000608663872177317e4a8fb2a5e2513b3dea59f0f562bbbbc445238a3e2acc171a0139e68d8335f2a60d1f3265fd595e81a50a879558a99098e414fa4a6bba1ecc3bd8831073c6b5a282226eeee4395f25eea205a4bf02a7027ede682a3c49685c0a,,5624992,53502,434,0x22895118,"deposit(bytes pubkey, bytes withdrawal_credentials, bytes signature, bytes32 deposit_data_root)"
22138281,1743078851,0x9c79e06849748824c77a4ded8d91ec2cf5b72b2e008a22b3cc82d533a3a3e5d7,6,0x80f3869aadf3a0d692349485444fb96fa46789d923abef90c3f8139413b6eca9,205,0x72b5f9025b83601b21ca5b3cf0d0ea8ccd339416,0x00000000219ab540356cbb839cbe05303d7705fa,32000000000000000000,85927,1385755407,0,1,0x22895118000000000000000000000000000000000000000000000000000000000000008000000000000000000000000000000000000000000000000000000000000000e000000000000000000000000000000000000000000000000000000000000001200bd3446d2119dddab59888c8a21bfc4473ea95b23f6341c8a34a3030591ed27f0000000000000000000000000000000000000000000000000000000000000030b602df0e964cfd77d9e04787e5bdefe34bedd258486b6b5e96be1cd577f0c819e47b80adef6fcbed1aafa23816591b1a00000000000000000000000000000000000000000000000000000000000000000000000000000000000000000000002001000000000000000000000072b5f9025b83601b21ca5b3cf0d0ea8ccd3394160000000000000000000000000000000000000000000000000000000000000060a02a54acd78f31db6c7fb836655a534d76c968ce78e2e7be4b0bbb5587a89d239fa9e73b50410851e5a0c987776d147809e3113bd1429eebbf37e22daf09b252382a7977ffda74ca4f4d8e8eda7bf62175ad98a2d78ff3b92c473a96ab3e7197,,17955160,56478,1129,0x22895118,"deposit(bytes pubkey, bytes withdrawal_credentials, bytes signature, bytes32 deposit_data_root)"
22138247,1743078443,0x9705e0095aaa952f76139a3fccf0622214f7e7d6b1acb770ebf16d6671519f5d,5,0x8e4f8c93c9ad4a4bde701bf53f491c9be7cee092443b05d119dbb4e499a04d30,212,0x72b5f9025b83601b21ca5b3cf0d0ea8ccd339416,0x00000000219ab540356cbb839cbe05303d7705fa,32000000000000000000,81409,1013422076,0,1,0x22895118000000000000000000000000000000000000000000000000000000000000008000000000000000000000000000000000000000000000000000000000000000e00000000000000000000000000000000000000000000000000000000000000120c36ab773910b5ac5f8b23cf97ac6deb66c849238b8cfbb57f1b79b0d80c834a30000000000000000000000000000000000000000000000000000000000000030808c127e79b00333aebd04c0cd28aa488614fe1a9946a2e49a79b34268c698055dde8876ba8303976d3d8b0b0872286b00000000000000000000000000000000000000000000000000000000000000000000000000000000000000000000002001000000000000000000000072b5f9025b83601b21ca5b3cf0d0ea8ccd3394160000000000000000000000000000000000000000000000000000000000000060970904158a9f024a76bf81a69a41225b47f3002d8a775b80b7a0afe435003f079c5a05040a352adba782616df75aa7e50a17e444019c10337cffb9202a44da688d4c49a9ab9fb931b4e75faacd2325afb2354456505ef07374e2d24693f1e75c,,20243971,53478,1163,0x22895118,"deposit(bytes pubkey, bytes withdrawal_credentials, bytes signature, bytes32 deposit_data_root)"
22138235,1743078299,0xa96c28d90260e34ffc57a1916e36a2b173b89f114dc728d39bab122354149ebe,4,0x6c8f1ad7d81883e3b07dd7143828bf3416dd99bc04c4fe89fb02749505b208d4,224,0x72b5f9025b83601b21ca5b3cf0d0ea8ccd339416,0x00000000219ab540356cbb839cbe05303d7705fa,32000000000000000000,76375,962655161,0,1,0x22895118000000000000000000000000000000000000000000000000000000000000008000000000000000000000000000000000000000000000000000000000000000e000000000000000000000000000000000000000000000000000000000000001205e803b7a5a36f2b909041d66e7c58d37639be9cac4980705fb264871b7ccd5d00000000000000000000000000000000000000000000000000000000000000030911cd9a05218824d8a9f381788f286533765c2f484420238ff6f72a732e5f9b032c9219945c6324dff2e78a51bdb71f300000000000000000000000000000000000000000000000000000000000000000000000000000000000000000000002001000000000000000000000072b5f9025b83601b21ca5b3cf0d0ea8ccd339416000000000000000000000000000000000000000000000000000000000000006099c16d79e4a5b52b1e8d84aa12fb6ee1f74e83f59b0422b3c412d486f18111017e22b38baf894c9b89a4b433e262b1060b1ba408b060b6a5238a23c7546738755503462261eae567e035bf597944a9f1d125e36bf6399918e5be3443136c7767,,22930050,50526,1175,0x22895118,"deposit(bytes pubkey, bytes withdrawal_credentials, bytes signature, bytes32 deposit_data_root)"
22138193,1743077795,0x5d0737a4472f2bd1f953352f39d491e7efe114c19a7eb43826ba26af06a8e2d9,3,0xdbaaa711e98d6e418733667a2c303ce18a9f51fb7cd9fd8d70eca7f0ad072fc3,170,0x72b5f9025b83601b21ca5b3cf0d0ea8ccd339416,0x00000000219ab540356cbb839cbe05303d7705fa,32000000000000000000,76339,895123158,0,1,0x22895118000000000000000000000000000000000000000000000000000000000000008000000000000000000000000000000000000000000000000000000000000000e00000000000000000000000000000000000000000000000000000000000000120eb5b9130da8593524a9e002097202000a73e4722e04e3e9f0130879fad31b1e4000000000000000000000000000000000000000000000000000000000000003099ed08ea85d71c8312480dbfc5194d4c17154f4b2529e735a9e6874956e452af272af1fc4dc3083eea3dde83d6a62f9a00000000000000000000000000000000000000000000000000000000000000000000000000000000000000000000002001000000000000000000000072b5f9025b83601b21ca5b3cf0d0ea8ccd3394160000000000000000000000000000000000000000000000000000000000000060b040397f2ea081b1ed40d45f58b9c46e8e4cdb603cd67ae080ef418b1f08adfccf92e424c4271ad7fc4df0158ff2de221119f570e52cae367035a15e39bdef5022a8d7ef75161e351ef7b0303042329e32dce21150e730e8d5e4a703c2d9d07a,,13675564,59431,1217,0x22895118,"deposit(bytes pubkey, bytes withdrawal_credentials, bytes signature, bytes32 deposit_data_root)"
